Item,Series,Time Stamp,Date,Time (s),NodeNumber,Measurement ID,Image,Intensity (Cnt/s),Normalized Intensity (Cnt/s),Number Acqs,Number Unmarked Acqs,Number Marked Acqs,% Acqs Unmarked,Acq Time (s),DLS Temp (C),Attenuation Level (%),Laser Power (%),Set Temp (C),Ramp Rate (C/min),Well,Insert Info,Row,Col,Configuration,Radius (nm),Amplitude,Diffusion Coefficient (cm²/s),Diameter (nm),Polydispersity (nm),%PD,PD Index,Mw-R (kDa),Baseline,SOS,Viscosity from Sample Rh (cP),Lambda (1/s),Sigma (1/s²),D10 (nm),D50 (nm),D90 (nm),Span (D90 - D10)/D50,Range1 Radius (I) (nm),Range1 %Pd (I),Range1 Mw-R (I) (kDa),Range1 %Intensity (I),Range1 %Mass (I),Range1 %Number (I),Range1 Diameter (I) (nm),Range1 Diffusion Coefficient (I) (cm²/s),Range1 Particle Concentration (I) (1/mL),Range2 Radius (I) (nm),Range2 %Pd (I),Range2 Mw-R (I) (kDa),Range2 %Intensity (I),Range2 %Mass (I),Range2 %Number (I),Range2 Diameter (I) (nm),Range2 Diffusion Coefficient (I) (cm²/s),Range2 Particle Concentration (I) (1/mL),Range3 Radius (I) (nm),Range3 %Pd (I),Range3 Mw-R (I) (kDa),Range3 %Intensity (I),Range3 %Mass (I),Range3 %Number (I),Range3 Diameter (I) (nm),Range3 Diffusion Coefficient (I) (cm²/s),Range3 Particle Concentration (I) (1/mL),Range4 Radius (I) (nm),Range4 %Pd (I),Range4 Mw-R (I) (kDa),Range4 %Intensity (I),Range4 %Mass (I),Range4 %Number (I),Range4 Diameter (I) (nm),Range4 Diffusion Coefficient (I) (cm²/s),Range4 Particle Concentration (I) (1/mL),Range5 Radius (I) (nm),Range5 %Pd (I),Range5 Mw-R (I) (kDa),Range5 %Intensity (I),Range5 %Mass (I),Range5 %Number (I),Range5 Diameter (I) (nm),Range5 Diffusion Coefficient (I) (cm²/s),Range5 Particle Concentration (I) (1/mL),RMS Error,Number Unfiltered Peaks (I),Number Filtered Peaks (I),Pre-correction Internal Standard Rh (I) (nm),Internal Standard Viscosity (I) (cP),Mw-S (Da),1/Mw-S (1/Da),Particle Concentration (1/mL),Particle Concentration Calculation,Particle Material,Particle Shape,Particle Core Real RI,Particle Core Imaginary RI,Sample,Concentration (mg/mL),Mw-R Model,dn/dc (mL/g),Conformation Model for SLS,A2 (mol mL/g^2),Viscosity Calculation: Use Internal Standard,Internal Standard Rh (nm),Internal Standard Rh Range Minimum (nm),Internal Standard Rh Range Maximum (nm),Solvent,Rfr Idx @ 589nm & 20C,Viscosity (cP),Temp Model,
A1,,04:20:11,2025-08-31,0,1,1,None,5173195.0614188658,8621991.4264242854,8,8,0,100,5.0331602096557617,25.191185830389799,0,60.000002384185791,25,5,A1,"614-WPR3, Z=9, Corner offsets=[-15,48],[-15,58],[5,-12],[25,68]",1,1,2025-Aug-31 04:19:09,56.788764916493164,0.091069468395330394,4.2922375701565047e-08,113.57752983298633,17.601139640736381,30.994052550039665,0.30994052550039664,42835.306201103514,1.0000025183616577,0.40291668855941964,--,1539.6755015949982,1121.1003855944862,--,--,--,--,3.8057357673452823,20.40314371722754,76.787224166041099,1.9061436841822561,91.398310173654778,99.998836580585674,7.6114715346905646,6.4048290590438891e-07,--,67.686517231045087,34.892996382563197,64593.32350910821,98.093856315817746,8.6016898263452095,0.0011634194143249725,135.37303446209017,3.6011731775964218e-08,--,--,--,--,--,--,--,--,--,--,--,--,--,--,--,--,--,--,--,--,--,--,--,--,--,--,--,--,0.00010151354679836587,5,2,--,--,--,--,--,,Protein,Sphere,1.5840000000000001,0,,0,Globular Proteins,0.185,Sphere,0,,50,25,1000,Water,1.333,0.89605283378831091,Aqueous,
A2,,04:20:57,2025-08-31,46,2,2,None,5436355.7722928142,18121185.187571511,8,8,0,100,5.0331602096557617,25.195715869847589,0,30.000001192092896,25,5,A2,"614-WPR3, Z=9, Corner offsets=[-15,48],[-15,58],[5,-12],[25,68]",1,2,2025-Aug-31 04:19:09,63.723815453516011,0.083655714755618477,3.8255700607602811e-08,127.44763090703202,16.423372029357573,25.772738045382368,0.25772738045382371,56089.806489039118,0.9998434743940281,0.40994015411027773,--,1453.5290834991415,865.44934827141094,--,--,--,--,--,--,--,--,--,--,--,--,--,11.152721446656095,13.526609749732518,950.2554794896156,2.8725470428441566,29.480046146826783,99.599633037264169,22.30544289331219,2.1858334911563346e-07,--,--,--,--,--,--,--,--,--,--,--,--,--,--,--,--,--,--,--,--,--,--,--,--,--,--,--,--,0.00011160103942908808,4,2,--,--,--,--,--,,Protein,Sphere,1.5840000000000001,0,,0,Globular Proteins,0.185,Sphere,0,,50,25,1000,Water,1.333,0.89595966594211596,Aqueous,
B1,,04:21:43,2025-08-31,92,3,3,None,5267516.9174482422,8779194.5135598909,8,8,0,100,5.0331602096557617,25.159566328036021,0,60.000002384185791,25,5,B1,"614-WPR3, Z=9, Corner offsets=[-15,48],[-15,58],[5,-12],[25,68]",2,1,2025-Aug-31 04:19:09,57.806826388815814,0.087952534033643767,4.2131381227415774e-08,115.61365277763163,19.480845565741337,33.69990498130926,0.33699904981309259,44653.69678798379,1.0001888417174523,0.44448516991480341,--,1448.0314367867238,1181.7081817638307,--,--,--,--,3.6976600645068398,15.20675575720778,71.781778071537431,2.026107651592929,91.835856912477851,99.998555851540559,7.3953201290136796,6.5865477021859758e-07,--,66.984823533549758,33.517105459907057,63037.398119684636,97.973892348407063,8.1641430875221488,0.0014441484594504058,133.96964706709952,3.6358705026884366e-08,--,--,--,--,--,--,--,--,--,--,--,--,--,--,--,--,--,--,--,--,--,--,--,--,--,--,--,--,0.00015381392724909805,4,2,--,--,--,--,--,,Protein,Sphere,1.5840000000000001,0,,0,Globular Proteins,0.185,Sphere,0,,50,25,1000,Water,1.333,0.89670360211794065,Aqueous,
B2,,04:22:27,2025-08-31,136,4,4,None,5649418.6513753831,16141196.421669746,8,8,0,100,5.0331602096557617,25.075118954470856,0,34.999999403953552,25,5,B2,"614-WPR3, Z=9, Corner offsets=[-15,48],[-15,58],[5,-12],[25,68]",2,2,2025-Aug-31 04:19:09,61.94255258967209,0.0711184906118313,3.9231041492634659e-08,123.88510517934418,19.929110055410018,32.173536966464752,0.3217353696646475,52489.7796240854,1.0000609161357701,0.25585633119535367,--,1383.0522878384538,1057.2382490332884,--,--,--,--,4.4562342222727924,11.455990241262612,111.07952299267838,2.0766821619045275,71.676943554535569,99.997432886805086,8.9124684445455848,5.453193727249221e-07,--,68.0782989656647,24.213693871566367,65471.516979679669,93.786527604911356,7.9862356292869618,0.0025670244705370037,136.1565979313294,3.5695234571456269e-08,--,--,--,--,--,--,--,--,--,--,2951.6998700315207,17.047737592475251,443050858.0389539,4.1367902331841213,20.336820816177479,8.8724388071831913e-08,5903.3997400630415,8.2327843541192419e-10,--,--,--,--,--,--,--,--,--,--,0.00011459229397847759,5,3,--,--,--,--,--,,Protein,Sphere,1.5840000000000001,0,,0,Globular Proteins,0.185,Sphere,0,,50,25,1000,Water,1.333,0.89844558843569167,Aqueous,
C1,,04:23:11,2025-08-31,180,5,5,None,5484086.4226130396,12186859.039759379,8,8,0,100,5.0331602096557617,25.02001087199498,0,44.999998807907104,25,5,C1,"614-WPR3, Z=9, Corner offsets=[-15,48],[-15,58],[5,-12],[25,68]",3,1,2025-Aug-31 04:19:09,56.872858062877974,0.068341285226204404,4.2666098242571904e-08,113.74571612575595,17.046165088179677,29.972408049782963,0.29972408049782961,42983.868792522451,1.0000754343623364,0.2447370434313404,--,1551.4175687797717,1084.2915976634831,--,--,--,--,3.7414400200131932,11.800452689710657,73.78614347140055,1.8546745878891551,91.906720937271601,99.99832414881358,7.4828800400263864,6.4855855939608049e-07,--,64.971891086154002,29.860184787424178,58694.012486539941,98.14532541211085,8.0932790627283886,0.0016758511864080011,129.943782172308,3.7347580759638897e-08,--,--,--,--,--,--,--,--,--,--,--,--,--,--,--,--,--,--,--,--,--,--,--,--,--,--,--,--,0.000101264580682513,4,2,--,--,--,--,--,,Protein,Sphere,1.5840000000000001,0,,0,Globular Proteins,0.185,Sphere,0,,50,25,1000,Water,1.333,0.89958547419367374,Aqueous,
C2,,04:23:55,2025-08-31,224,6,6,None,5105087.1379509112,20420348.551803645,8,8,0,100,5.0331602096557617,24.961100004197743,0,25,25,5,C2,"614-WPR3, Z=9, Corner offsets=[-15,48],[-15,58],[5,-12],[25,68]",3,2,2025-Aug-31 04:19:09,63.209954230655079,0.066476052204975836,3.8328996908437354e-08,126.41990846131016,15.342304917880886,24.271975995895108,0.24271975995895109,55037.223141507449,0.99994877415874739,0.17727149908342249,--,1473.5720639732187,830.29946608804084,--,--,--,--,3.8451609895277015,0,78.661399533199045,1.507654528036964,88.498811075941788,99.998481927903441,7.6903219790554029,6.300839280559831e-07,--,64.224290187823001,17.59995530581141,57125.959834746151,86.650030624659664,5.4772556841520457,0.0014935372566283803,128.448580375646,3.7723642148537212e-08,--,252.85879760834831,11.372153492694784,1410693.8140597383,11.84231484730339,6.0239332399061585,2.4534839933941473e-05,505.71759521669662,9.5815299416311698e-09,--,--,--,--,--,--,--,--,--,--,--,--,--,--,--,--,--,--,--,9.6596901414587431e-05,4,3,--,--,--,--,--,,Protein,Sphere,1.5840000000000001,0,,0,Globular Proteins,0.185,Sphere,0,,50,25,1000,Water,1.333,0.90080674625137591,Aqueous,
D1,,04:24:40,2025-08-31,269,7,7,None,5311047.3566510035,13277618.193775579,8,8,0,100,5.0331602096557617,24.891564265574978,0,40.000000596046448,25,5,D1,"614-WPR3, Z=9, Corner offsets=[-15,48],[-15,58],[5,-12],[25,68]",4,1,2025-Aug-31 04:19:09,58.544683526004874,0.068791549386903336,4.1307405559499428e-08,117.08936705200975,18.56409111126478,31.709268874976193,0.31709268874976193,45998.728025799952,0.99987240562754209,0.23500835584428395,--,1466.5624194220161,1099.6214392624991,--,--,--,--,7.0181375838383797,21.335225768790302,321.4908428571843,1.790221521424965,55.495718143257264,99.915992755651146,14.036275167676759,3.4458272680920982e-07,--,80.013448950046339,47.262577077425661,95543.1209420542,98.209778478575032,44.504281856742743,0.084007244348851359,160.02689790009268,3.0224031303425366e-08,--,--,--,--,--,--,--,--,--,--,--,--,--,--,--,--,--,--,--,--,--,--,--,--,--,--,--,--,0.00011301851657587563,4,2,--,--,--,--,--,,Protein,Sphere,1.5840000000000001,0,,0,Globular Proteins,0.185,Sphere,0,,50,25,1000,Water,1.333,0.90225191871228716,Aqueous,
D2,,04:25:24,2025-08-31,313,8,8,None,5728389.9816161692,19094632.513301373,8,8,0,100,5.0331602096557617,24.839714797775819,0,30.000001192092896,25,5,D2,"614-WPR3, Z=9, Corner offsets=[-15,48],[-15,58],[5,-12],[25,68]",4,2,2025-Aug-31 04:19:09,61.181145680706827,0.079036338997309816,3.9473220104178074e-08,122.36229136141365,16.003994665439979,26.158376878004034,0.26158376878004036,50992.526511570264,0.99988145159382313,0.2822648145960579,--,1494.8033361824014,902.84529753787376,--,--,--,--,3.5899133005569728,10.343337820742253,66.982924839981777,1.5202324187727443,86.871456078771175,99.997887754043205,7.1798266011139456,6.7272288422832825e-07,--,78.665171154517637,41.831502889475964,91818.571533645154,98.47976758122725,13.128543921228827,0.0021122459567917426,157.33034230903527,3.0699950107991765e-08,--,--,--,--,--,--,--,--,--,--,--,--,--,--,--,--,--,--,--,--,--,--,--,--,--,--,--,--,0.00011303253191720363,2,2,--,--,--,--,--,,Protein,Sphere,1.5840000000000001,0,,0,Globular Proteins,0.185,Sphere,0,,50,25,1000,Water,1.333,0.90333208577055035,Aqueous,
E1,,04:26:09,2025-08-31,358,9,9,None,4655110.7130037714,7161709.0519264936,8,8,0,100,5.0331602096557617,24.809012222226098,0,64.999997615814209,25,5,E1,"614-WPR3, Z=9, Corner offsets=[-15,48],[-15,58],[5,-12],[25,68]",5,1,2025-Aug-31 04:19:09,50.803276340717296,0.08145323596991598,4.7498048866622564e-08,101.60655268143459,16.46599884126374,32.411293182811399,0.32411293182811396,33008.372110194461,0.99998125810385474,0.48879770395666766,--,1668.2631972960392,1288.0666300756045,--,--,--,--,5.2053632245012604,14.978169905880229,159.78308410868976,3.3166943935194566,93.147740378472818,99.994918071985225,10.410726449002521,4.6357120495604253e-07,--,60.353902673510994,23.938087731907032,49393.870010861967,96.683305606480545,6.8522596215271756,0.0050819280147772396,120.70780534702199,3.9981780718796794e-08,--,--,--,--,--,--,--,--,--,--,--,--,--,--,--,--,--,--,--,--,--,--,--,--,--,--,--,--,0.00012392906878160885,4,2,--,--,--,--,--,,Protein,Sphere,1.5840000000000001,0,,0,Globular Proteins,0.185,Sphere,0,,50,25,1000,Water,1.333,0.90397274298381081,Aqueous,
E2,,04:26:58,2025-08-31,407,10,10,None,7088038.730666575,17038555.646837302,8,8,0,100,5.0331602096557617,24.79595662479262,36.000001430511475,64.999997615814209,25,5,E2,"614-WPR3, Z=9, Corner offsets=[-15,48],[-15,58],[5,-12],[25,68]",5,2,2025-Aug-31 04:19:09,56.996413081815142,0.078434352399120527,4.2322367356532884e-08,113.99282616363028,15.815027978189347,27.747409219397309,0.27747409219397307,43202.680885180627,0.99991750935026213,0.34520844250437316,--,1578.6161257496758,1012.1078782727233,--,--,--,--,3.7743906328660159,5.3526863042245827,75.315594238192531,1.9093282679550685,88.380626360852716,99.998036460499492,7.5487812657320319,6.3910267036181118e-07,--,68.338406446636526,34.252597159242008,66058.311326601208,95.776375656406486,9.1722202055185793,0.0019632590721888636,136.67681289327305,3.529820576569797e-08,--,821.01099672672547,19.630548680665424,22190770.765558783,2.3142960756384627,2.4471534336286971,2.804283275031355e-07,1642.0219934534509,2.9381130606904508e-09,--,--,--,--,--,--,--,--,--,--,--,--,--,--,--,--,--,--,--,9.7166241157484239e-05,4,3,--,--,--,--,--,,Protein,Sphere,1.5840000000000001,0,,0,Globular Proteins,0.185,Sphere,0,,50,25,1000,Water,1.333,0.90424540278674803,Aqueous,
F1,,04:27:42,2025-08-31,451,11,11,None,5484045.4924606588,7834350.8369334266,8,8,0,100,5.0331602096557617,24.80584113338718,0,69.999998807907104,25,5,F1,"614-WPR3, Z=9, Corner offsets=[-15,48],[-15,58],[5,-12],[25,68]",6,1,2025-Aug-31 04:19:09,49.446477703555466,0.05090571180283307,4.879728919568658e-08,98.892955407110932,19.211918503107739,38.853967755374207,0.38853967755374208,30982.508202717563,1.0002196884281509,0.17116977840075645,--,1491.1188793739304,1561.5682007215632,--,--,--,--,3.4975620293071845,11.386115071184163,63.020377431283279,2.4974846879241417,96.041565632595436,99.998924340754542,6.995124058614369,6.8986741392729949e-07,--,51.875564092706398,20.413766451691025,34661.606874910729,91.378868978151999,2.8708330358334653,0.0010714206992655164,103.7511281854128,4.6512343805967539e-08,--,210.26031854460271,10.566417784359324,916149.24939877284,6.1236463339238529,1.0876013315710944,4.2385461916926956e-06,420.52063708920542,1.1475556057890323e-08,--,--,--,--,--,--,--,--,--,--,--,--,--,--,--,--,--,--,--,7.6303649493679099e-05,5,3,--,--,--,--,--,,Protein,Sphere,1.5840000000000001,0,,0,Globular Proteins,0.185,Sphere,0,,50,25,1000,Water,1.333,0.90403895676606127,Aqueous,
F2,,04:28:26,2025-08-31,495,12,12,None,5461547.5605560346,15604421.867330391,8,8,0,100,5.0331602096557617,24.845335864083737,0,34.999999403953552,25,5,F2,"614-WPR3, Z=9, Corner offsets=[-15,48],[-15,58],[5,-12],[25,68]",6,2,2025-Aug-31 04:19:09,55.637705829509684,0.078741677043974792,4.3412570131482762e-08,111.27541165901937,17.857769851316547,32.096524443401769,0.32096524443401769,40831.33166794695,0.99996061522378088,0.30696469298139872,--,1532.2919108586395,1167.5523529710586,--,--,--,--,3.4286467009011958,11.820945181042019,60.15321385890833,1.7493421062078198,78.03064674429298,99.998276373738435,6.8572934018023917,7.0446914394636574e-07,--,68.059009455324372,39.096710977219082,65428.119829740113,96.893674887909711,7.0903222726667519,0.0017236254131666106,136.11801891064874,3.5489435206427876e-08,--,--,--,--,--,--,--,--,--,--,--,--,--,--,--,--,--,--,--,9792.6234699458673,32.919350865959728,7329667411.7981997,1.3569830058824761,14.879030983040263,8.4842297737398785e-10,19585.246939891735,2.4665257616524578e-10,--,9.7950574960736068e-05,4,3,--,--,--,--,--,,Protein,Sphere,1.5840000000000001,0,,0,Globular Proteins,0.185,Sphere,0,,50,25,1000,Water,1.333,0.90321487713002757,Aqueous,
G1,,04:29:11,2025-08-31,540,13,13,None,5254070.8242703285,11675713.252123727,8,8,0,100,5.0331602096557617,24.908368913036263,0,44.999998807907104,25,5,G1,"614-WPR3, Z=9, Corner offsets=[-15,48],[-15,58],[5,-12],[25,68]",7,1,2025-Aug-31 04:19:09,57.20722524604318,0.058648140234241565,4.2291911502766233e-08,114.41445049208636,18.596198260438928,32.506730016109564,0.32506730016109564,43577.492265256144,0.99999914833477122,0.212782318388716,--,1483.1528895280742,1149.7670739593643,--,--,--,--,4.2645871734482919,21.306206443507424,100.22241268850247,2.3378148809882089,90.445112793776346,99.998271330404776,8.5291743468965837,5.6732405952160986e-07,--,68.908011239946049,33.616862221464785,67353.805524070209,97.662185119011781,9.5548872062236558,0.0017286695952265379,137.8160224798921,3.5110618691342263e-08,--,--,--,--,--,--,--,--,--,--,--,--,--,--,--,--,--,--,--,--,--,--,--,--,--,--,--,--,7.9688861408873173e-05,5,2,--,--,--,--,--,,Protein,Sphere,1.5840000000000001,0,,0,Globular Proteins,0.185,Sphere,0,,50,25,1000,Water,1.333,0.90190230341989464,Aqueous,
G2,,04:29:55,2025-08-31,584,14,14,None,6043207.4910796508,13429350.335933294,8,8,0,100,5.0331602096557617,24.957093334918653,0,44.999998807907104,25,5,G2,"614-WPR3, Z=9, Corner offsets=[-15,48],[-15,58],[5,-12],[25,68]",7,2,2025-Aug-31 04:19:09,58.98727988870624,0.060950596629670284,4.1068479754250756e-08,117.97455977741248,19.678926653026238,33.36130550545014,0.3336130550545014,46816.515982893681,1.0000454191417421,0.21908091106592201,--,1419.917345168061,1141.7765149208233,--,--,--,--,3.9991957997374183,15.093860398299281,86.233160799460009,2.1374140782216884,74.517369334630175,99.99843801131864,7.9983915994748367,6.0575126379826514e-07,--,67.286512406579831,29.428417915542081,63703.69672405989,95.252500731654763,7.0274526152493406,0.001561985021762852,134.57302481315966,3.6003023833804191e-08,--,--,--,--,--,--,--,--,--,--,--,--,--,--,--,--,--,--,--,7344.7530030058997,28.925045929936367,3739315410.332962,2.6100851901235549,18.455178050120491,3.659588554452086e-09,14689.506006011799,3.2982973135736763e-10,--,0.0001003354944044602,4,3,--,--,--,--,--,,Protein,Sphere,1.5840000000000001,0,,0,Globular Proteins,0.185,Sphere,0,,50,25,1000,Water,1.333,0.90088991045375266,Aqueous,
H1,,04:30:40,2025-08-31,629,15,15,None,4889653.3366680946,12224133.159516457,8,8,0,100,5.0331602096557617,25.021835176942361,0,40.000000596046448,25,5,H1,"614-WPR3, Z=9, Corner offsets=[-15,48],[-15,58],[5,-12],[25,68]",8,1,2025-Aug-31 04:19:09,60.378137069216308,0.057046027294452475,4.0191033023008942e-08,120.75627413843262,19.47882478142898,32.26138752691034,0.3226138752691034,49440.288974329742,1.000165857562936,0.22445809158244776,--,1414.9576430183445,1085.6197767287345,--,--,--,--,3.3322574678103045,11.749426677450296,56.270699834626484,1.93343175783167,93.774638841041607,99.999257835708207,6.664514935620609,7.2823295446352224e-07,--,67.421770151721944,29.196737997094097,64003.724915593455,98.06656824216833,6.2253611589584086,0.00074216429179712771,134.84354030344389,3.5992227664088659e-08,--,--,--,--,--,--,--,--,--,--,--,--,--,--,--,--,--,--,--,--,--,--,--,--,--,--,--,--,0.00013247783828163235,4,2,--,--,--,--,--,,Protein,Sphere,1.5840000000000001,0,,0,Globular Proteins,0.185,Sphere,0,,50,25,1000,Water,1.333,0.89954769984098637,Aqueous,
H2,,04:31:25,2025-08-31,674,16,16,None,5132207.7875184547,12830519.2776065,8,8,0,100,5.0331602096557617,25.070631134050242,0,40.000000596046448,25,5,H2,"614-WPR3, Z=9, Corner offsets=[-15,48],[-15,58],[5,-12],[25,68]",8,2,2025-Aug-31 04:19:09,56.670714766831246,0.081490427119414732,4.2875468826358688e-08,113.34142953366249,17.265615219176443,30.466556298460208,0.30466556298460207,42627.250476058682,0.99985766103824558,0.36919432226292404,--,1549.0668135323137,1104.1878307812156,--,--,--,--,2.8884093773095647,15.536331493790948,40.274299179349747,1.515334372148551,93.090280933405495,99.999200894573747,5.7768187546191294,8.4121852097571508e-07,--,76.361198203745303,47.688234868123097,85649.391400306471,98.484665627851456,6.9097190665945183,0.00079910542625810589,152.72239640749061,3.1819608931091442e-08,--,--,--,--,--,--,--,--,--,--,--,--,--,--,--,--,--,--,--,--,--,--,--,--,--,--,--,--,0.00010677732747998883,3,2,--,--,--,--,--,,Protein,Sphere,1.5840000000000001,0,,0,Globular Proteins,0.185,Sphere,0,,50,25,1000,Water,1.333,0.89853832489661078,Aqueous,
I1,,04:32:10,2025-08-31,719,17,17,None,5211620.9900507536,7445172.9697201876,8,8,0,100,5.0331602096557617,25.092125074647786,0,69.999998807907104,25,5,I1,"614-WPR3, Z=9, Corner offsets=[-15,48],[-15,58],[5,-12],[25,68]",9,1,2025-Aug-31 04:19:09,43.903388332775307,0.075560873741661136,5.5375225049090185e-08,87.806776665550615,12.338534468558063,28.103831929862569,0.28103831929862566,23458.247779771849,0.9999582550326469,0.41532858742447293,--,2057.7993095807342,1337.3729287493984,--,--,--,--,3.7171916710596933,8.3052252479175532,72.672083236700828,2.8657365484919461,96.650879203502114,99.998307482674008,7.4343833421193866,6.5403138295851193e-07,--,50.991710794164845,19.645305036408658,33295.549107888131,97.134263451508033,3.3491207964978882,0.0016925173259916874,101.98342158832969,4.7677553301922927e-08,--,--,--,--,--,--,--,--,--,--,--,--,--,--,--,--,--,--,--,--,--,--,--,--,--,--,--,--,0.00010596757115197612,4,2,--,--,--,--,--,,Protein,Sphere,1.5840000000000001,0,,0,Globular Proteins,0.185,Sphere,0,,50,25,1000,Water,1.333,0.8980943214088527,Aqueous,
I2,,04:32:55,2025-08-31,764,18,18,None,5261097.9228805825,13152744.611210288,8,8,0,100,5.0331602096557617,25.098746967458904,0,40.000000596046448,25,5,I2,"614-WPR3, Z=9, Corner offsets=[-15,48],[-15,58],[5,-12],[25,68]",9,2,2025-Aug-31 04:19:09,49.307765417875061,0.074985441454924251,4.9314426389913787e-08,98.615530835750121,16.670935416223958,33.80995929330922,0.33809959293309222,30779.525882457288,0.99990914345232995,0.33601571555641141,--,1691.569107091384,1387.1448840920971,--,--,--,--,3.5380964490033771,19.342017066597879,64.742568622478814,2.0398257652297525,92.865414073840128,99.997683912911725,7.0761928980067541,6.8725773963450696e-07,--,63.611240866027565,42.171629039355366,55858.233924231572,97.96017423477025,7.134585926159863,0.0023160870882893451,127.22248173205513,3.8225699342544294e-08,--,--,--,--,--,--,--,--,--,--,--,--,--,--,--,--,--,--,--,--,--,--,--,--,--,--,--,--,0.00011780711190581104,4,2,--,--,--,--,--,,Protein,Sphere,1.5840000000000001,0,,0,Globular Proteins,0.185,Sphere,0,,50,25,1000,Water,1.333,0.89795760733461383,Aqueous,
J1,,04:33:41,2025-08-31,810,19,19,None,5021480.9235020401,7725355.5502905687,8,8,0,100,5.0331602096557617,25.100827196407167,0,64.999997615814209,25,5,J1,"614-WPR3, Z=9, Corner offsets=[-15,48],[-15,58],[5,-12],[25,68]",10,1,2025-Aug-31 04:19:09,43.890778574984353,0.07314939028724908,5.5403834266489904e-08,87.781557149968705,15.623272121598912,35.595796267107985,0.35595796267107987,23442.486210853924,0.99999363064685365,0.33774245765134253,--,1835.2113583573441,1632.0029120662593,--,--,--,--,3.5187895787809138,18.488080473270692,63.918959087583517,2.4315410805203599,95.2487733021011,99.997316722273496,7.0375791575618276,6.9106644985521093e-07,--,54.335146314521914,37.623242034747314,38629.653164340147,97.568458919479639,4.7512266978988889,0.0026832777265055792,108.67029262904383,4.4754042032380156e-08,--,--,--,--,--,--,--,--,--,--,--,--,--,--,--,--,--,--,--,--,--,--,--,--,--,--,--,--,0.00011971854697172271,4,2,--,--,--,--,--,,Protein,Sphere,1.5840000000000001,0,,0,Globular Proteins,0.185,Sphere,0,,50,25,1000,Water,1.333,0.89791466672817732,Aqueous,
J2,,04:34:26,2025-08-31,855,20,20,None,6664075.5394694488,11609887.998408107,8,8,0,100,5.0331602096557617,25.083959340379899,18.000000715255737,69.999998807907104,25,5,J2,"614-WPR3, Z=9, Corner offsets=[-15,48],[-15,58],[5,-12],[25,68]",10,2,2025-Aug-31 04:19:09,45.889856822603896,0.060370513528900965,5.2966759436177339e-08,91.779713645207792,14.253841381214393,31.060984644853807,0.31060984644853806,26017.370306444798,1.0000303285426031,0.19790342852002119,--,1898.20270626862,1385.9231421196785,--,--,--,--,3.5376066127741161,11.258781132148817,64.721598082275989,2.1432457937499758,82.205579726866361,99.997425438286214,7.0752132255482323,6.8708516037554223e-07,--,53.323375548207949,30.276337522683981,36967.538785400699,95.808545872171422,3.7483527084068307,0.0025745600564061437,106.6467510964159,4.5582954602827456e-08,--,--,--,--,--,--,--,--,--,--,--,--,--,--,--,--,--,--,--,7939.7621097568563,32.299945558653476,4486918935.6136732,2.0482083340786064,14.04606756472681,1.657373124584417e-09,15879.524219513713,3.0613473971676935e-10,--,0.00010495025303690509,4,3,--,--,--,--,--,,Protein,Sphere,1.5840000000000001,0,,0,Globular Proteins,0.185,Sphere,0,,50,25,1000,Water,1.333,0.89826295812999379,Aqueous,
K1,,04:35:11,2025-08-31,900,21,21,None,5699439.4344351282,13242143.119052267,8,8,0,100,5.0331602096557617,25.080290267885157,4.355200007557869,44.999998807907104,25,5,K1,"614-WPR3, Z=9, Corner offsets=[-15,48],[-15,58],[5,-12],[25,68]",11,1,2025-Aug-31 04:19:09,61.330557843532311,0.070366533749486662,3.9627913236081057e-08,122.66111568706462,16.041217956237627,26.155343307266648,0.26155343307266649,51284.379219566712,0.99999977248008631,0.36353857808559048,--,1500.7014428265231,906.30549866880915,--,--,--,--,6.753314275582329,11.587704164476584,293.82073588315814,3.0851648447866404,86.095261465525112,99.98690966399144,13.506628551164658,3.5988285540500457e-07,--,68.930451128250027,8.9681039954771045,67405.137335001593,96.914835155213353,13.904738534474895,0.013090336008569391,137.86090225650005,3.5258756981323278e-08,--,--,--,--,--,--,--,--,--,--,--,--,--,--,--,--,--,--,--,--,--,--,--,--,--,--,--,--,0.00011491887454786024,4,2,--,--,--,--,--,,Protein,Sphere,1.5840000000000001,0,,0,Globular Proteins,0.185,Sphere,0,,50,25,1000,Water,1.333,0.89833874847871842,Aqueous,
K2,,04:35:58,2025-08-31,947,22,22,None,5240179.1546121547,14971939.421866579,8,8,0,100,5.0331602096557617,25.063797775821591,64.999997615814209,100,25,5,K2,"614-WPR3, Z=9, Corner offsets=[-15,48],[-15,58],[5,-12],[25,68]",11,2,2025-Aug-31 04:19:09,64.76351217395441,0.085386592830833288,3.7511027805880298e-08,129.52702434790882,15.132732093344689,23.366138718200244,0.23366138718200244,58254.504224150478,0.99998400890390371,0.25437909085536614,--,1451.1842825619406,791.12847551690959,--,--,--,--,4.3494358787212226,11.873703294287287,104.95038431179358,1.6562746232882337,79.094761365767113,99.997762907908424,8.6988717574424452,5.5854275673973676e-07,--,70.240321070746788,21.126263820141329,70440.385193915805,94.884194614137243,10.091367623543718,0.002236830903835558,140.48064214149358,3.4586201613697192e-08,--,--,--,--,--,--,--,--,--,--,1554.5927550707399,12.520684742241651,98837845.578731775,3.4595307625745262,10.813871010689176,2.6118773415527449e-07,3109.1855101414799,1.5626895841625909e-09,--,--,--,--,--,--,--,--,--,--,0.00010706688440785715,4,3,--,--,--,--,--,,Protein,Sphere,1.5840000000000001,0,,0,Globular Proteins,0.185,Sphere,0,,50,25,1000,Water,1.333,0.8986795609557483,Aqueous,
L1,,04:36:43,2025-08-31,992,23,23,None,4956397.017947251,17482882.492984593,8,8,0,100,5.0331602096557617,25.044190672216068,37.000000476837158,44.999998807907104,25,5,L1,"614-WPR3, Z=9, Corner offsets=[-15,48],[-15,58],[5,-12],[25,68]",12,1,2025-Aug-31 04:19:09,76.889253645197712,0.05981509587612658,3.1579063273923439e-08,153.77850729039542,27.977718426105007,36.387033427593188,0.36387033427593191,87041.645810657559,0.99990833185424233,0.35417212564232603,--,1027.9914105851203,949.24705233410498,--,--,--,--,--,--,--,--,--,--,--,--,--,10.861142305593344,13.963000476523939,893.14127823937588,4.4339233906517839,35.308327353029185,99.824415501902962,21.722284611186687,2.2355757227267092e-07,--,--,--,--,--,--,--,--,--,--,--,--,--,--,--,--,--,--,--,--,--,--,--,--,--,--,--,--,0.00023389026868290681,4,2,--,--,--,--,--,,Protein,Sphere,1.5840000000000001,0,,0,Globular Proteins,0.185,Sphere,0,,50,25,1000,Water,1.333,0.89908502272821944,Aqueous,
L2,,04:37:28,2025-08-31,1037,24,24,None,5283140.7619052473,17610468.506573677,8,8,0,100,5.0331602096557617,24.993359937816617,0,30.000001192092896,25,5,L2,"614-WPR3, Z=9, Corner offsets=[-15,48],[-15,58],[5,-12],[25,68]",12,2,2025-Aug-31 04:19:09,64.220857316550081,0.085390000964335536,3.7757789889092503e-08,128.44171463310016,13.28848705826463,20.691855595705526,0.20691855595705527,57118.815613408187,1.0000171240191629,0.32440475276257641,--,1483.0656724217138,733.63477094492998,--,--,--,--,4.3040892128031105,11.906259868388537,102.40803670310903,1.8066151081109447,79.557413998089302,99.998446938060368,8.608178425606221,5.6337996662398889e-07,--,68.755227438941802,12.319917249827888,67004.903820603475,95.935341215711901,5.8135334705481858,0.001553035116874675,137.5104548778836,3.5267684034774931e-08,--,--,--,--,--,--,--,--,--,--,3633.6676962781212,8.471837014280883,720567010.41732311,2.2580436761771554,14.629052531362516,2.6822747077853048e-08,7267.3353925562424,6.6732509401984947e-10,--,--,--,--,--,--,--,--,--,--,0.00013858048357346915,4,3,--,--,--,--,--,,Protein,Sphere,1.5840000000000001,0,,0,Globular Proteins,0.185,Sphere,0,,50,25,1000,Water,1.333,0.90013762099243344,Aqueous,
M1,,04:38:12,2025-08-31,1081,25,25,None,5341661.0002532955,10683322.000506591,8,8,0,100,5.0331602096557617,24.974810388253101,0,50,25,5,M1,"614-WPR3, Z=9, Corner offsets=[-15,48],[-15,58],[5,-12],[25,68]",13,1,2025-Aug-31 04:19:09,58.3067086126986,0.065034194470871332,4.156727557259986e-08,116.6134172253972,17.526787100148745,30.059640678005259,0.30059640678005262,45562.428634859076,0.99992398037564678,0.22006542159787162,--,1509.7845962848412,1058.8532132946468,--,--,--,--,3.3002804790363673,13.944193113427596,55.015357264614387,1.5269135102394615,90.465811266146588,99.998594444772493,6.6005609580727347,7.3437728703076603e-07,--,74.400164554104705,43.36319293605024,80591.132641834934,98.473086489760547,9.534188733853421,0.0014055552275089131,148.80032910820941,3.2575882582528641e-08,--,--,--,--,--,--,--,--,--,--,--,--,--,--,--,--,--,--,--,--,--,--,--,--,--,--,--,--,9.536813036926188e-05,4,2,--,--,--,--,--,,Protein,Sphere,1.5840000000000001,0,,0,Globular Proteins,0.185,Sphere,0,,50,25,1000,Water,1.333,0.90052226634923327,Aqueous,
M2,,04:38:57,2025-08-31,1126,26,26,None,5910449.9502281854,14776124.655389048,8,8,0,100,5.0331602096557617,24.954558050633469,0,40.000000596046448,25,5,M2,"614-WPR3, Z=9, Corner offsets=[-15,48],[-15,58],[5,-12],[25,68]",13,2,2025-Aug-31 04:19:09,60.104510720727703,0.077026471313851264,4.0302395829910569e-08,120.20902144145541,15.886397091393196,26.431289267470234,0.26431289267470232,48917.630327031373,0.99991539410434982,0.3368741968144135,--,1522.4913496972245,928.95929611345275,--,--,--,--,7.7815239982318571,15.71331670184675,409.34713162712177,2.4271038975310315,58.564146934216772,99.944495370231763,15.563047996463714,3.1129580565198881e-07,--,72.366339333460957,26.54933531752846,75530.507733032719,97.57289610246896,41.435853065783228,0.055504629768238806,144.73267866692191,3.3473515512063703e-08,--,--,--,--,--,--,--,--,--,--,--,--,--,--,--,--,--,--,--,--,--,--,--,--,--,--,--,--,0.00010699457031669243,5,2,--,--,--,--,--,,Protein,Sphere,1.5840000000000001,0,,0,Globular Proteins,0.185,Sphere,0,,50,25,1000,Water,1.333,0.90094254069273405,Aqueous,
N1,,04:39:42,2025-08-31,1171,27,27,None,5355992.7335611647,9448354.5406644717,8,8,0,100,5.0331602096557617,24.973707573590762,5.5215999484062195,60.000002384185791,25,5,N1,"614-WPR3, Z=9, Corner offsets=[-15,48],[-15,58],[5,-12],[25,68]",14,1,2025-Aug-31 04:19:09,57.469924356834007,0.090492414478527419,4.2171283728560204e-08,114.93984871366801,18.477391241240909,32.151410408188021,0.32151410408188019,44047.151988940481,1.0002836594688924,0.4298974801148131,--,1487.2177718290263,1135.8120169860051,--,--,--,--,5.9812941315562895,12.858577582693639,221.16885598150142,2.7066751751846536,87.708186337915535,99.988105373674102,11.962588263112579,4.0519332983886241e-07,--,64.030623997117402,21.4923761209348,56723.7165006047,97.293324824815343,12.291813662084479,0.011894626325895261,128.0612479942348,3.7850333709383299e-08,--,--,--,--,--,--,--,--,--,--,--,--,--,--,--,--,--,--,--,--,--,--,--,--,--,--,--,--,0.00015014550536513111,3,2,--,--,--,--,--,,Protein,Sphere,1.5840000000000001,0,,0,Globular Proteins,0.185,Sphere,0,,50,25,1000,Water,1.333,0.90054514324395385,Aqueous,
N2,,04:40:27,2025-08-31,1216,28,28,None,5568922.8189955298,14735968.043941729,8,8,0,100,5.0331602096557617,25.002569014441722,5.5215999484062195,40.000000596046448,25,5,N2,"614-WPR3, Z=9, Corner offsets=[-15,48],[-15,58],[5,-12],[25,68]",14,2,2025-Aug-31 04:19:09,60.730852183760156,0.075525890614839442,3.9937309456287978e-08,121.46170436752031,17.368908113123286,28.599809633114045,0.28599809633114043,50118.713389915247,1.0001595415041544,0.30991044147156116,--,1476.1136026785493,977.77426909936378,--,--,--,--,4.7314668432519378,7.6916972925330409,127.80087657708381,2.3872125526242765,92.466046752523255,99.997009359843759,9.4629336865038756,5.1261625993767201e-07,--,66.249520165355648,18.540271210096996,61430.213631457969,97.612787447375723,7.5339532474767426,0.0029906401562273784,132.4990403307113,3.6610481572593458e-08,--,--,--,--,--,--,--,--,--,--,--,--,--,--,--,--,--,--,--,--,--,--,--,--,--,--,--,--,0.00013072210438293418,4,2,--,--,--,--,--,,Protein,Sphere,1.5840000000000001,0,,0,Globular Proteins,0.185,Sphere,0,,50,25,1000,Water,1.333,0.89994676458512601,Aqueous,
O1,,04:41:12,2025-08-31,1261,29,29,None,6416712.9559119307,25065285.170781914,8,8,0,100,5.0331602096557617,25.030688267953938,36.000001430511475,40.000000596046448,25,5,O1,"614-WPR3, Z=9, Corner offsets=[-15,48],[-15,58],[5,-12],[25,68]",15,1,2025-Aug-31 04:19:09,378.93638269603792,0.099500461903371404,6.4053662437171019e-09,757.87276539207585,146.09628114589859,38.554302995785193,0.38554302995785195,3635030.8243525038,1.0015458173185747,0.38418778215278931,--,197.40104549710162,203.4344718935069,--,--,--,--,--,--,--,--,--,--,--,--,--,--,--,--,--,--,--,--,--,--,338.64562188453505,18.201071757133175,2794326.1631919541,90.912132481871652,29.413912109119103,99.98268447393248,677.29124376907009,7.1674522196098442e-09,--,--,--,--,--,--,--,--,--,--,8770.56741934395,34.54212244595233,5663368873.4962721,9.0878675181283413,70.586087890880904,0.0173155260675288,17541.1348386879,2.7674678252675995e-10,--,0.0001789476569720381,4,2,--,--,--,--,--,,Protein,Sphere,1.5840000000000001,0,,0,Globular Proteins,0.185,Sphere,0,,50,25,1000,Water,1.333,0.89936442468224975,Aqueous,
O2,,04:41:57,2025-08-31,1306,30,30,None,5067188.0796111394,33227462.037904754,8,8,0,100,5.0331602096557617,25.028641386298169,38.999998569488525,25,25,5,O2,"614-WPR3, Z=9, Corner offsets=[-15,48],[-15,58],[5,-12],[25,68]",15,2,2025-Aug-31 04:19:09,480.56315559995204,0.080456784971858541,5.0505230720639694e-09,961.12631119990408,179.81238676379189,37.417014739573148,0.37417014739573146,6337798.2286035977,1.0019146445540472,0.64374348036251461,--,160.40731111423321,155.85071151796942,--,--,--,--,4.5433469211541464,10.696501219905425,116.22693576750007,1.512657699622423,43.864320979622448,99.999877045712495,9.0866938423082928,5.3420866754433757e-07,--,--,--,--,--,--,--,--,--,--,436.73711418161986,17.66909025094235,5067172.01585369,98.487342300377577,56.135679020377545,0.0001229542875002053,873.47422836323972,5.5573369565566666e-09,--,--,--,--,--,--,--,--,--,--,--,--,--,--,--,--,--,--,--,0.0002678008145660322,4,2,--,--,--,--,--,,Protein,Sphere,1.5840000000000001,0,,0,Globular Proteins,0.185,Sphere,0,,50,25,1000,Water,1.333,0.89940679321774331,Aqueous,
P1,,04:42:42,2025-08-31,1351,31,31,None,5370217.8208277551,22851990.694323525,8,8,0,100,5.0331602096557617,25.030500144891221,5.9999998658895493,25,25,5,P1,"614-WPR3, Z=9, Corner offsets=[-15,48],[-15,58],[5,-12],[25,68]",16,1,2025-Aug-31 04:19:09,367.49907675065737,0.06135166506639915,6.6046812821275903e-09,734.99815350131473,142.10464582888673,38.668027981279153,0.38668027981279152,3383492.6443081461,1.0014228359805248,0.19046698473097395,--,202.89428923947386,210.3679221923019,--,--,--,--,3.879447883173373,11.160279418012458,80.312384535880526,1.0843974690298439,50.951637006253755,99.99986125197222,7.7588957663467459,6.2565971924561212e-07,--,--,--,--,--,--,--,--,--,--,361.38216127225417,34.880588996170772,3253188.0439922563,98.915602530970148,49.048362993746245,0.00013874802777223246,722.76432254450833,6.7164750602773903e-09,--,--,--,--,--,--,--,--,--,--,--,--,--,--,--,--,--,--,--,0.00012686960052073676,4,2,--,--,--,--,--,,Protein,Sphere,1.5840000000000001,0,,0,Globular Proteins,0.185,Sphere,0,,50,25,1000,Water,1.333,0.89936831851171306,Aqueous,
P2,,04:43:26,2025-08-31,1395,32,32,None,6989265.8152449438,38402559.003101207,8,8,0,100,5.0331602096557617,25.016943740489655,9.0000003576278687,20.000000298023224,25,5,P2,"614-WPR3, Z=9, Corner offsets=[-15,48],[-15,58],[5,-12],[25,68]",16,2,2025-Aug-31 04:19:09,535.08833971018453,0.062193729292183066,4.5344786750271417e-09,1070.1766794203691,305.42645709138424,57.07963235693191,0.57079632356931909,8149831.1754487185,1.0024574981427608,0.35749749114550833,--,1.8466745814103325e-06,229.05948721661164,--,--,--,--,4.7221927531474872,7.9384782717319453,127.21552394507655,1.3397278887336856,30.995441604643155,99.999753326191495,9.4443855062949744,5.1381779450961125e-07,--,--,--,--,--,--,--,--,--,--,557.36611430782466,53.008130370423991,8965991.9333615713,98.660272111266323,69.004558395356852,0.00024667380850148141,1114.7322286156493,4.3532367745116937e-09,--,--,--,--,--,--,--,--,--,--,--,--,--,--,--,--,--,--,--,0.00020446644100418973,5,2,--,--,--,--,--,,Protein,Sphere,1.5840000000000001,0,,0,Globular Proteins,0.185,Sphere,0,,50,25,1000,Water,1.333,0.89964898880511945,Aqueous,
